Stkcd,Stknme,Listdt,Conme,Markettype,ID
000166,申万宏源,1/26/15,申万宏源集团股份有限公司,4,P9703
001872,招商港口,12/26/18,招商局港口集团股份有限公司,4,P9703
001965,招商公路,12/25/17,招商局公路网络科技控股股份有限公司,4,P9703
001979,招商蛇口,12/30/15,招商局蛇口工业区控股股份有限公司,4,P9703
002705,新宝股份,1/21/14,广东新宝电器股份有限公司,4,P9703
002706,良信股份,1/21/14,上海良信电器股份有限公司,4,P9703
002707,众信旅游,1/23/14,众信旅游集团股份有限公司,4,P9703
002708,光洋股份,1/21/14,常州光洋轴承股份有限公司,4,P9703
002709,天赐材料,1/23/14,广州天赐高新材料股份有限公司,4,P9703
002711,欧浦退,1/27/14,欧浦智网股份有限公司,4,P9703
002712,思美传媒,1/23/14,思美传媒股份有限公司,4,P9703
002713,东易日盛,2/19/14,东易日盛家居装饰集团股份有限公司,4,P9703
002714,牧原股份,1/28/14,牧原食品股份有限公司,4,P9703
002715,登云股份,2/19/14,怀集登云汽配股份有限公司,4,P9703
002716,湖南白银,1/28/14,湖南白银股份有限公司,4,P9703
002717,岭南股份,2/19/14,岭南生态文旅股份有限公司,4,P9703
002718,友邦吊顶,1/28/14,浙江友邦集成吊顶股份有限公司,4,P9703
002719,麦趣尔,1/28/14,麦趣尔集团股份有限公司,4,P9703
002721,*ST 金一,1/27/14,北京金一文化发展股份有限公司,4,P9703
002722,物产金轮,1/28/14,物产中大金轮蓝海股份有限公司,4,P9703
002723,小崧股份,1/29/14,广东小崧科技股份有限公司,4,P9703
002724,海洋王,11/4/14,海洋王照明科技股份有限公司,4,P9703
002725,跃岭股份,1/29/14,浙江跃岭股份有限公司,4,P9703
002726,龙大美食,6/26/14,山东龙大美食股份有限公司,4,P9703
002727,一心堂,7/2/14,一心堂药业集团股份有限公司,4,P9703
002728,特一药业,7/31/14,特一药业集团股份有限公司,4,P9703
002729,好利科技,9/12/14,好利来(中国)电子科技股份有限公司,4,P9703
002730,电光科技,10/9/14,电光防爆科技股份有限公司,4,P9703
002731,萃华珠宝,11/4/14,沈阳萃华金银珠宝股份有限公司,4,P9703
002732,燕塘乳业,12/5/14,广东燕塘乳业股份有限公司,4,P9703
002733,雄韬股份,12/3/14,深圳市雄韬电源科技股份有限公司,4,P9703
002734,利民股份,1/27/15,利民控股集团股份有限公司,4,P9703
002735,王子新材,12/3/14,深圳王子新材料股份有限公司,4,P9703
002736,国信证券,12/29/14,国信证券股份有限公司,4,P9703
002737,葵花药业,12/30/14,葵花药业集团股份有限公司,4,P9703
002738,中矿资源,12/30/14,中矿资源集团股份有限公司,4,P9703
002739,万达电影,1/22/15,万达电影股份有限公司,4,P9703
002740,*ST 爱迪,1/22/15,福建省爱迪尔珠宝实业股份有限公司,4,P9703
002741,光华科技,2/16/15,广东光华科技股份有限公司,4,P9703
002742,ST 三圣,2/17/15,重庆三圣实业股份有限公司,4,P9703
002743,富煌钢构,2/17/15,安徽富煌钢构股份有限公司,4,P9703
002745,木林森,2/17/15,木林森股份有限公司,4,P9703
002746,仙坛股份,2/16/15,山东仙坛股份有限公司,4,P9703
002747,埃斯顿,3/20/15,南京埃斯顿自动化股份有限公司,4,P9703
002748,世龙实业,3/19/15,江西世龙实业股份有限公司,4,P9703
002749,国光股份,3/20/15,四川国光农化股份有限公司,4,P9703
002750,*ST 龙津,3/24/15,昆明龙津药业股份有限公司,4,P9703
002751,易尚退,4/24/15,深圳市易尚展示股份有限公司,4,P9703
002752,昇兴股份,4/22/15,昇兴集团股份有限公司,4,P9703
002753,永东股份,5/19/15,山西永东化工股份有限公司,4,P9703
002755,奥赛康,5/15/15,北京奥赛康药业股份有限公司,4,P9703
002756,永兴材料,5/15/15,永兴特种材料科技股份有限公司,4,P9703
002757,南兴股份,5/27/15,南兴装备股份有限公司,4,P9703
002758,浙农股份,5/27/15,浙农集团股份有限公司,4,P9703
002759,天际股份,5/28/15,天际新能源科技股份有限公司,4,P9703
002760,凤形股份,6/11/15,凤形股份有限公司,4,P9703
002761,浙江建投,6/10/15,浙江省建设投资集团股份有限公司,4,P9703
002762,金发拉比,6/10/15,金发拉比妇婴童用品股份有限公司,4,P9703
002763,汇洁股份,6/10/15,深圳汇洁集团股份有限公司,4,P9703
002765,蓝黛科技,6/12/15,蓝黛科技集团股份有限公司,4,P9703
002766,索菱股份,6/11/15,深圳市索菱实业股份有限公司,4,P9703
002767,先锋电子,6/12/15,杭州先锋电子技术股份有限公司,4,P9703
002768,国恩股份,6/30/15,青岛国恩科技股份有限公司,4,P9703
002769,普路通,6/29/15,深圳市普路通供应链管理股份有限公司,4,P9703
002770,科迪退,6/30/15,河南科迪乳业股份有限公司,4,P9703
002771,真视通,6/29/15,北京真视通科技股份有限公司,4,P9703
002772,众兴菌业,6/26/15,天水众兴菌业科技股份有限公司,4,P9703
002773,康弘药业,6/26/15,成都康弘药业集团股份有限公司,4,P9703
002774,快意电梯,3/24/17,快意电梯股份有限公司,4,P9703
002775,文科股份,6/29/15,广东文科绿色科技股份有限公司,4,P9703
002776,*ST 柏龙,6/26/15,广东柏堡龙股份有限公司,4,P9703
002777,久远银海,12/31/15,四川久远银海软件股份有限公司,4,P9703
002778,中晟高科,1/6/16,江苏中晟高科环境股份有限公司,4,P9703
002779,中坚科技,12/9/15,浙江中坚科技股份有限公司,4,P9703
002780,三夫户外,12/9/15,北京三夫户外用品股份有限公司,4,P9703
002781,奇信退,12/22/15,江西奇信集团股份有限公司,4,P9703
002782,可立克,12/22/15,深圳可立克科技股份有限公司,4,P9703
002783,凯龙股份,12/9/15,湖北凯龙化工集团股份有限公司,4,P9703
002785,万里石,12/23/15,厦门万里石股份有限公司,4,P9703
002786,银宝山新,12/23/15,深圳市银宝山新科技股份有限公司,4,P9703
002787,华源控股,12/31/15,苏州华源控股股份有限公司,4,P9703
002788,鹭燕医药,2/18/16,鹭燕医药股份有限公司,4,P9703
002789,建艺集团,3/11/16,深圳市建艺装饰集团股份有限公司,4,P9703
002790,瑞尔特,3/8/16,厦门瑞尔特卫浴科技股份有限公司,4,P9703
002791,坚朗五金,3/29/16,广东坚朗五金制品股份有限公司,4,P9703
002792,通宇通讯,3/28/16,广东通宇通讯股份有限公司,4,P9703
002793,罗欣药业,4/15/16,罗欣药业集团股份有限公司,4,P9703
002795,永和智控,4/28/16,永和流体智控股份有限公司,4,P9703
002796,世嘉科技,5/10/16,苏州市世嘉科技股份有限公司,4,P9703
002797,第一创业,5/11/16,第一创业证券股份有限公司,4,P9703
002798,帝欧家居,5/25/16,帝欧家居集团股份有限公司,4,P9703
002799,环球印务,6/8/16,西安环球印务股份有限公司,4,P9703
002800,ST 天顺,5/30/16,新疆天顺供应链股份有限公司,4,P9703
002801,微光股份,6/22/16,杭州微光电子股份有限公司,4,P9703
002802,洪汇新材,6/29/16,无锡洪汇新材料科技股份有限公司,4,P9703
002803,吉宏股份,7/12/16,厦门吉宏科技股份有限公司,4,P9703
002805,丰元股份,7/7/16,山东丰元化学股份有限公司,4,P9703
002806,华锋股份,7/26/16,广东华锋新能源科技股份有限公司,4,P9703
002807,江阴银行,9/2/16,江苏江阴农村商业银行股份有限公司,4,P9703
002808,ST 恒久,8/12/16,苏州恒久光电科技股份有限公司,4,P9703
002809,红墙股份,8/23/16,广东红墙新材料股份有限公司,4,P9703
002810,山东赫达,8/26/16,山东赫达集团股份有限公司,4,P9703
002811,郑中设计,9/8/16,深圳市郑中设计股份有限公司,4,P9703
002812,恩捷股份,9/14/16,云南恩捷新材料股份有限公司,4,P9703
002813,路畅科技,10/12/16,深圳市路畅科技股份有限公司,4,P9703
002815,崇达技术,10/12/16,崇达技术股份有限公司,4,P9703
002816,*ST 和科,10/25/16,深圳市和科达精密清洗设备股份有限公司,4,P9703
002817,黄山胶囊,10/25/16,安徽黄山胶囊股份有限公司,4,P9703
002818,富森美,11/9/16,成都富森美家居股份有限公司,4,P9703
002819,东方中科,11/11/16,北京东方中科集成科技股份有限公司,4,P9703
002820,桂发祥,11/18/16,天津桂发祥十八街麻花食品股份有限公司,4,P9703
002821,凯莱英,11/18/16,凯莱英医药集团(天津)股份有限公司,4,P9703
002822,ST 中装,11/29/16,深圳市中装建设集团股份有限公司,4,P9703
002823,凯中精密,11/24/16,深圳市凯中精密技术股份有限公司,4,P9703
002824,和胜股份,1/12/17,广东和胜工业铝材股份有限公司,4,P9703
002825,纳尔股份,11/29/16,上海纳尔实业股份有限公司,4,P9703
002826,易明医药,12/9/16,西藏易明西雅医药科技股份有限公司,4,P9703
002827,高争民爆,12/9/16,西藏高争民爆股份有限公司,4,P9703
002828,贝肯能源,12/8/16,新疆贝肯能源工程股份有限公司,4,P9703
002829,星网宇达,12/13/16,北京星网宇达科技股份有限公司,4,P9703
002830,名雕股份,12/13/16,深圳市名雕装饰股份有限公司,4,P9703
002831,裕同科技,12/16/16,深圳市裕同包装科技股份有限公司,4,P9703
002832,比音勒芬,12/23/16,比音勒芬服饰股份有限公司,4,P9703
002833,弘亚数控,12/28/16,广州弘亚数控机械股份有限公司,4,P9703
002835,同为股份,12/28/16,深圳市同为数码科技股份有限公司,4,P9703
002836,新宏泽,12/29/16,广东新宏泽包装股份有限公司,4,P9703
002837,英维克,12/29/16,深圳市英维克科技股份有限公司,4,P9703
002838,道恩股份,1/6/17,山东道恩高分子材料股份有限公司,4,P9703
002839,张家港行,1/24/17,江苏张家港农村商业银行股份有限公司,4,P9703
002840,华统股份,1/10/17,浙江华统肉制品股份有限公司,4,P9703
002841,视源股份,1/19/17,广州视源电子科技股份有限公司,4,P9703
002842,翔鹭钨业,1/19/17,广东翔鹭钨业股份有限公司,4,P9703
002843,泰嘉股份,1/20/17,湖南泰嘉新材料科技股份有限公司,4,P9703
002845,同兴达,1/25/17,深圳同兴达科技股份有限公司,4,P9703
002846,英联股份,2/7/17,广东英联包装股份有限公司,4,P9703
002847,盐津铺子,2/8/17,盐津铺子食品股份有限公司,4,P9703
002848,高斯贝尔,2/13/17,高斯贝尔数码科技股份有限公司,4,P9703
002849,威星智能,2/17/17,浙江威星智能仪表股份有限公司,4,P9703
002850,科达利,3/2/17,深圳市科达利实业股份有限公司,4,P9703
002851,麦格米特,3/6/17,深圳麦格米特电气股份有限公司,4,P9703
002852,道道全,3/10/17,道道全粮油股份有限公司,4,P9703
002853,皮阿诺,3/10/17,广东皮阿诺科学艺术家居股份有限公司,4,P9703
002855,捷荣技术,3/21/17,东莞捷荣技术股份有限公司,4,P9703
002856,美芝股份,3/20/17,深圳市美芝装饰设计工程股份有限公司,4,P9703
002857,三晖电气,3/23/17,郑州三晖电气股份有限公司,4,P9703
002858,力盛体育,3/24/17,力盛云动(上海)体育科技股份有限公司,4,P9703
002859,洁美科技,4/7/17,浙江洁美电子科技股份有限公司,4,P9703
002860,星帅尔,4/12/17,杭州星帅尔电器股份有限公司,4,P9703
002861,瀛通通讯,4/13/17,瀛通通讯股份有限公司,4,P9703
002862,实丰文化,4/11/17,实丰文化发展股份有限公司,4,P9703
002863,今飞凯达,4/18/17,浙江今飞凯达轮毂股份有限公司,4,P9703
002864,盘龙药业,11/16/17,陕西盘龙药业集团股份有限公司,4,P9703
002865,钧达股份,4/25/17,海南钧达新能源科技股份有限公司,4,P9703
002866,传艺科技,4/26/17,江苏传艺科技股份有限公司,4,P9703
002867,周大生,4/27/17,周大生珠宝股份有限公司,4,P9703
002868,绿康生化,5/3/17,绿康生化股份有限公司,4,P9703
002869,金溢科技,5/15/17,深圳市金溢科技股份有限公司,4,P9703
002870,香山股份,5/15/17,广东香山衡器集团股份有限公司,4,P9703
002871,伟隆股份,5/11/17,青岛伟隆阀门股份有限公司,4,P9703
002872,ST 天圣,5/19/17,天圣制药集团股份有限公司,4,P9703
002873,新天药业,5/19/17,贵阳新天药业股份有限公司,4,P9703
002875,安奈儿,6/1/17,深圳市安奈儿股份有限公司,4,P9703
002876,三利谱,5/25/17,深圳市三利谱光电科技股份有限公司,4,P9703
002877,智能自控,6/5/17,无锡智能自控工程股份有限公司,4,P9703
002878,元隆雅图,6/6/17,北京元隆雅图文化传播股份有限公司,4,P9703
002879,长缆科技,7/7/17,长缆科技集团股份有限公司,4,P9703
002880,卫光生物,6/16/17,深圳市卫光生物制品股份有限公司,4,P9703
002881,美格智能,6/22/17,美格智能技术股份有限公司,4,P9703
002882,金龙羽,7/17/17,金龙羽集团股份有限公司,4,P9703
002883,中设股份,6/20/17,江苏中设集团股份有限公司,4,P9703
002884,凌霄泵业,7/11/17,广东凌霄泵业股份有限公司,4,P9703
002885,京泉华,6/27/17,深圳市京泉华科技股份有限公司,4,P9703
002886,沃特股份,6/27/17,深圳市沃特新材料股份有限公司,4,P9703
002887,绿茵生态,8/1/17,天津绿茵景观生态建设股份有限公司,4,P9703
002888,惠威科技,7/21/17,广州惠威电声科技股份有限公司,4,P9703
002889,东方嘉盛,7/31/17,深圳市东方嘉盛供应链股份有限公司,4,P9703
002890,弘宇股份,8/2/17,山东弘宇精机股份有限公司,4,P9703
002891,中宠股份,8/21/17,烟台中宠食品股份有限公司,4,P9703
002892,科力尔,8/17/17,科力尔电机集团股份有限公司,4,P9703
002893,京能热力,9/15/17,北京京能热力股份有限公司,4,P9703
002895,川恒股份,8/25/17,贵州川恒化工股份有限公司,4,P9703
002896,中大力德,8/29/17,宁波中大力德智能传动股份有限公司,4,P9703
002897,意华股份,9/7/17,温州意华接插件股份有限公司,4,P9703
002898,赛隆药业,9/12/17,赛隆药业集团股份有限公司,4,P9703
002899,英派斯,9/15/17,青岛英派斯健康科技股份有限公司,4,P9703
002900,哈三联,9/22/17,哈尔滨三联药业股份有限公司,4,P9703
002901,大博医疗,9/22/17,大博医疗科技股份有限公司,4,P9703
002902,铭普光磁,9/29/17,东莞铭普光磁股份有限公司,4,P9703
002903,宇环数控,10/13/17,宇环数控机床股份有限公司,4,P9703
002905,金逸影视,10/16/17,广州金逸影视传媒股份有限公司,4,P9703
002906,华阳集团,10/13/17,惠州市华阳集团股份有限公司,4,P9703
002907,华森制药,10/20/17,重庆华森制药股份有限公司,4,P9703
002908,德生科技,10/20/17,广东德生科技股份有限公司,4,P9703
002909,集泰股份,10/26/17,广州集泰化工股份有限公司,4,P9703
002910,庄园牧场,10/31/17,兰州庄园牧场股份有限公司,4,P9703
002911,佛燃能源,11/22/17,佛燃能源集团股份有限公司,4,P9703
002912,中新赛克,11/21/17,深圳市中新赛克科技股份有限公司,4,P9703
002913,奥士康,12/1/17,奥士康科技股份有限公司,4,P9703
002915,中欣氟材,12/5/17,浙江中欣氟材股份有限公司,4,P9703
002916,深南电路,12/13/17,深南电路股份有限公司,4,P9703
002917,金奥博,12/8/17,深圳市金奥博科技股份有限公司,4,P9703
002918,蒙娜丽莎,12/19/17,蒙娜丽莎集团股份有限公司,4,P9703
002919,名臣健康,12/18/17,名臣健康用品股份有限公司,4,P9703
002920,德赛西威,12/26/17,惠州市德赛西威汽车电子股份有限公司,4,P9703
002921,联诚精密,12/27/17,山东联诚精密制造股份有限公司,4,P9703
002922,伊戈尔,12/29/17,伊戈尔电气股份有限公司,4,P9703
002923,润都股份,1/5/18,珠海润都制药股份有限公司,4,P9703
002925,盈趣科技,1/15/18,厦门盈趣科技股份有限公司,4,P9703
002926,华西证券,2/5/18,华西证券股份有限公司,4,P9703
002927,泰永长征,2/23/18,贵州泰永长征技术股份有限公司,4,P9703
002928,华夏航空,3/2/18,华夏航空股份有限公司,4,P9703
002929,润建股份,3/1/18,润建股份有限公司,4,P9703
002930,宏川智慧,3/28/18,广东宏川智慧物流股份有限公司,4,P9703
002931,锋龙股份,4/3/18,浙江锋龙电气股份有限公司,4,P9703
002932,明德生物,7/10/18,武汉明德生物科技股份有限公司,4,P9703
002933,新兴装备,8/28/18,北京新兴东方航空装备股份有限公司,4,P9703
002935,天奥电子,9/3/18,成都天奥电子股份有限公司,4,P9703
002936,郑州银行,9/19/18,郑州银行股份有限公司,4,P9703
002937,兴瑞科技,9/26/18,宁波兴瑞电子科技股份有限公司,4,P9703
002938,鹏鼎控股,9/18/18,鹏鼎控股(深圳)股份有限公司,4,P9703
002939,长城证券,10/26/18,长城证券股份有限公司,4,P9703
002940,昂利康,10/23/18,浙江昂利康制药股份有限公司,4,P9703
002941,新疆交建,11/28/18,新疆交通建设集团股份有限公司,4,P9703
002942,新农股份,12/5/18,浙江新农化工股份有限公司,4,P9703
002943,宇晶股份,11/29/18,湖南宇晶机器股份有限公司,4,P9703
201872,招港B,12/26/18,招商局港口集团股份有限公司,8,P9707
300357,我武生物,1/21/14,浙江我武生物科技股份有限公司,16,P9705
300358,楚天科技,1/21/14,楚天科技股份有限公司,16,P9705
300359,全通教育,1/21/14,全通教育集团(广东)股份有限公司,16,P9705
300360,炬华科技,1/21/14,杭州炬华科技股份有限公司,16,P9705
300362,天翔退,1/21/14,成都天翔环境股份有限公司,16,P9705
300363,博腾股份,1/29/14,重庆博腾制药科技股份有限公司,16,P9705
300364,中文在线,1/21/15,中文在线集团股份有限公司,16,P9705
300365,恒华科技,1/23/14,北京恒华伟业科技股份有限公司,16,P9705
300366,创意信息,1/27/14,创意信息技术股份有限公司,16,P9705
300367,网力退,1/29/14,东方网力科技股份有限公司,16,P9705
300368,汇金股份,1/23/14,河北汇金集团股份有限公司,16,P9705
300369,绿盟科技,1/29/14,绿盟科技集团股份有限公司,16,P9705
300370,安控科技,1/23/14,四川安控科技股份有限公司,16,P9705
300371,汇中股份,1/23/14,汇中仪表股份有限公司,16,P9705
300372,欣泰退,1/27/14,丹东欣泰电气股份有限公司,16,P9705
300373,扬杰科技,1/23/14,扬州扬杰电子科技股份有限公司,16,P9705
300374,中铁装配,3/19/15,中铁装配式建筑股份有限公司,16,P9705
300375,鹏翎股份,1/27/14,天津鹏翎集团股份有限公司,16,P9705
300376,易事特,1/27/14,易事特集团股份有限公司,16,P9705
300377,赢时胜,1/27/14,深圳市赢时胜信息技术股份有限公司,16,P9705
300378,鼎捷软件,1/27/14,鼎捷软件股份有限公司,16,P9705
300379,东方通,1/28/14,北京东方通科技股份有限公司,16,P9705
300380,安硕信息,1/28/14,上海安硕信息技术股份有限公司,16,P9705
300381,溢多利,1/28/14,广东溢多利生物科技股份有限公司,16,P9705
300382,斯莱克,1/29/14,苏州斯莱克精密设备股份有限公司,16,P9705
300383,光环新网,1/29/14,北京光环新网科技股份有限公司,16,P9705
300384,三联虹普,8/1/14,北京三联虹普新合纤技术服务股份有限公司,16,P9705
300385,雪浪环境,6/26/14,无锡雪浪环境科技股份有限公司,16,P9705
300386,飞天诚信,6/26/14,飞天诚信科技股份有限公司,16,P9705
300387,富邦股份,7/2/14,湖北富邦科技股份有限公司,16,P9705
300388,节能国祯,8/1/14,中节能国祯环保科技股份有限公司,16,P9705
300389,艾比森,8/1/14,深圳市艾比森光电股份有限公司,16,P9705
300390,天华新能,7/31/14,苏州天华新能源科技股份有限公司,16,P9705
300391,长药控股,8/1/14,长江医药控股股份有限公司,16,P9705
300392,腾信退,9/10/14,北京腾信创新网络营销技术股份有限公司,16,P9705
300393,中来股份,9/12/14,苏州中来光伏新材股份有限公司,16,P9705
300394,天孚通信,2/17/15,苏州天孚光通信股份有限公司,16,P9705
300395,菲利华,9/10/14,湖北菲利华石英玻璃股份有限公司,16,P9705
300396,迪瑞医疗,9/10/14,迪瑞医疗科技股份有限公司,16,P9705
300397,天和防务,9/10/14,西安天和防务技术股份有限公司,16,P9705
300398,飞凯材料,10/9/14,上海飞凯材料科技股份有限公司,16,P9705
300399,天利科技,10/9/14,江西天利科技股份有限公司,16,P9705
300400,劲拓股份,10/10/14,深圳市劲拓自动化设备股份有限公司,16,P9705
300401,花园生物,10/9/14,浙江花园生物医药股份有限公司,16,P9705
300402,宝色股份,10/10/14,南京宝色股份公司,16,P9705
300403,汉宇集团,10/30/14,汉宇集团股份有限公司,16,P9705
300404,博济医药,4/24/15,博济医药科技股份有限公司,16,P9705
300405,科隆股份,10/30/14,辽宁科隆精细化工股份有限公司,16,P9705
300406,九强生物,10/30/14,北京九强生物技术股份有限公司,16,P9705
300407,凯发电气,12/3/14,天津凯发电气股份有限公司,16,P9705
300408,三环集团,12/3/14,潮州三环(集团)股份有限公司,16,P9705
300409,道氏技术,12/3/14,广东道氏技术股份有限公司,16,P9705
300410,正业科技,12/31/14,广东正业科技股份有限公司,16,P9705
300411,金盾股份,12/31/14,浙江金盾风机股份有限公司,16,P9705
300412,迦南科技,12/31/14,浙江迦南科技股份有限公司,16,P9705
300413,芒果超媒,1/21/15,芒果超媒股份有限公司,16,P9705
300414,中光防雷,5/13/15,四川中光防雷科技股份有限公司,16,P9705
300415,伊之密,1/23/15,伊之密股份有限公司,16,P9705
300416,苏试试验,1/22/15,苏州苏试试验集团股份有限公司,16,P9705
300417,南华仪器,1/23/15,佛山市南华仪器股份有限公司,16,P9705
300418,昆仑万维,1/21/15,昆仑万维科技股份有限公司,16,P9705
300419,浩丰科技,1/22/15,北京浩丰创源科技股份有限公司,16,P9705
300420,五洋自控,2/17/15,江苏五洋自控技术股份有限公司,16,P9705
300421,力星股份,2/17/15,江苏力星通用钢球股份有限公司,16,P9705
300422,博世科,2/17/15,安徽博世科环保科技股份有限公司,16,P9705
300423,昇辉科技,2/17/15,昇辉智能科技股份有限公司,16,P9705
300424,航新科技,4/22/15,广州航新航空科技股份有限公司,16,P9705
300425,中建环能,2/16/15,中建环能科技股份有限公司,16,P9705
300426,唐德影视,2/17/15,浙江唐德影视股份有限公司,16,P9705
300427,*ST 红相,2/17/15,红相股份有限公司,16,P9705
300428,立中集团,3/19/15,立中四通轻合金集团股份有限公司,16,P9705
300429,强力新材,3/24/15,常州强力电子新材料股份有限公司,16,P9705
300430,诚益通,3/19/15,北京诚益通控制工程科技股份有限公司,16,P9705
300431,暴风退,3/24/15,暴风集团股份有限公司,16,P9705
300432,富临精工,3/19/15,富临精工股份有限公司,16,P9705
300433,蓝思科技,3/18/15,蓝思科技股份有限公司,16,P9705
300434,金石亚药,4/24/15,四川金石亚洲医药股份有限公司,16,P9705
300435,中泰股份,3/26/15,杭州中泰深冷技术股份有限公司,16,P9705
300436,广生堂,4/22/15,福建广生堂药业股份有限公司,16,P9705
300437,清水源,4/23/15,河南清水源科技股份有限公司,16,P9705
300438,鹏辉能源,4/24/15,广州鹏辉能源科技股份有限公司,16,P9705
300439,美康生物,4/22/15,美康生物科技股份有限公司,16,P9705
300440,运达科技,4/23/15,成都运达科技股份有限公司,16,P9705
300441,鲍斯股份,4/23/15,宁波鲍斯能源装备股份有限公司,16,P9705
300442,润泽科技,4/24/15,润泽智算科技集团股份有限公司,16,P9705
300443,金雷股份,4/22/15,金雷科技股份公司,16,P9705
300444,双杰电气,4/23/15,北京双杰电气股份有限公司,16,P9705
300445,康斯特,4/24/15,北京康斯特仪表科技股份有限公司,16,P9705
300446,航天智造,4/23/15,航天智造科技股份有限公司,16,P9705
300447,全信股份,4/22/15,南京全信传输科技股份有限公司,16,P9705
300448,浩云科技,4/24/15,浩云科技股份有限公司,16,P9705
300449,汉邦高科,4/22/15,北京汉邦高科数字技术股份有限公司,16,P9705
300450,先导智能,5/18/15,无锡先导智能装备股份有限公司,16,P9705
300451,创业慧康,5/14/15,创业慧康科技股份有限公司,16,P9705
300452,山河药辅,5/15/15,安徽山河药用辅料股份有限公司,16,P9705
300453,三鑫医疗,5/15/15,江西三鑫医疗科技股份有限公司,16,P9705
300454,深信服,5/16/18,深信服科技股份有限公司,16,P9705
300455,航天智装,5/15/15,北京航天神舟智能装备科技股份有限公司,16,P9705
300456,赛微电子,5/14/15,北京赛微电子股份有限公司,16,P9705
300457,赢合科技,5/14/15,深圳市赢合科技股份有限公司,16,P9705
300458,全志科技,5/15/15,珠海全志科技股份有限公司,16,P9705
300459,汤姆猫,5/15/15,浙江金科汤姆猫文化产业股份有限公司,16,P9705
300460,惠伦晶体,5/15/15,广东惠伦晶体科技股份有限公司,16,P9705
300461,田中精机,5/19/15,浙江田中精机股份有限公司,16,P9705
300462,华铭智能,5/27/15,上海华铭智能终端设备股份有限公司,16,P9705
300463,迈克生物,5/28/15,迈克生物股份有限公司,16,P9705
300464,星徽股份,6/10/15,广东星徽精密制造股份有限公司,16,P9705
300465,高伟达,5/28/15,高伟达软件股份有限公司,16,P9705
300466,赛摩智能,5/28/15,赛摩智能科技集团股份有限公司,16,P9705
300467,迅游科技,5/27/15,四川迅游网络科技股份有限公司,16,P9705
300468,四方精创,5/27/15,深圳四方精创资讯股份有限公司,16,P9705
300469,信息发展,6/11/15,交信(浙江)信息发展股份有限公司,16,P9705
300470,中密控股,6/12/15,中密控股股份有限公司,16,P9705
300471,厚普股份,6/11/15,厚普清洁能源(集团)股份有限公司,16,P9705
300472,新元科技,6/11/15,万向新元科技股份有限公司,16,P9705
300473,德尔股份,6/12/15,阜新德尔汽车部件股份有限公司,16,P9705
300474,景嘉微,3/31/16,长沙景嘉微电子股份有限公司,16,P9705
300475,香农芯创,6/10/15,香农芯创科技股份有限公司,16,P9705
300476,胜宏科技,6/11/15,胜宏科技(惠州)股份有限公司,16,P9705
300477,合纵科技,6/10/15,合纵科技股份有限公司,16,P9705
300478,杭州高新,6/10/15,杭州高新材料科技股份有限公司,16,P9705
300479,神思电子,6/12/15,神思电子技术股份有限公司,16,P9705
300480,光力科技,7/2/15,光力科技股份有限公司,16,P9705
300481,濮阳惠成,6/30/15,濮阳惠成电子材料股份有限公司,16,P9705
300482,万孚生物,6/30/15,广州万孚生物技术股份有限公司,16,P9705
300483,首华燃气,6/30/15,首华燃气科技(上海)股份有限公司,16,P9705
300484,蓝海华腾,3/22/16,深圳市蓝海华腾技术股份有限公司,16,P9705
300485,赛升药业,6/26/15,北京赛升药业股份有限公司,16,P9705
300486,东杰智能,6/30/15,东杰智能科技集团股份有限公司,16,P9705
300487,蓝晓科技,7/2/15,西安蓝晓科技新材料股份有限公司,16,P9705
300488,恒锋工具,7/1/15,恒锋工具股份有限公司,16,P9705
300489,光智科技,7/1/15,光智科技股份有限公司,16,P9705
300490,华自科技,12/31/15,华自科技股份有限公司,16,P9705
300491,通合科技,12/31/15,石家庄通合电子科技股份有限公司,16,P9705
300492,华图山鼎,12/23/15,华图山鼎设计股份有限公司,16,P9705
300493,润欣科技,12/10/15,上海润欣科技股份有限公司,16,P9705
300494,盛天网络,12/31/15,湖北盛天网络技术股份有限公司,16,P9705
300495,*ST 美尚,12/22/15,美尚生态景观股份有限公司,16,P9705
300496,中科创达,12/10/15,中科创达软件股份有限公司,16,P9705
300497,富祥药业,12/22/15,江西富祥药业股份有限公司,16,P9705
300498,温氏股份,11/2/15,温氏食品集团股份有限公司,16,P9705
300499,高澜股份,2/2/16,广州高澜节能技术股份有限公司,16,P9705
300500,启迪设计,2/4/16,启迪设计集团股份有限公司,16,P9705
300501,海顺新材,2/4/16,上海海顺新型药用包装材料股份有限公司,16,P9705
300502,新易盛,3/3/16,成都新易盛通信技术股份有限公司,16,P9705
300503,昊志机电,3/9/16,广州市昊志机电股份有限公司,16,P9705
300504,天邑股份,3/30/18,四川天邑康和通信股份有限公司,16,P9705
300505,川金诺,3/15/16,昆明川金诺化工股份有限公司,16,P9705
300506,*ST 名家,3/24/16,深圳市名家汇科技股份有限公司,16,P9705
300507,苏奥传感,4/29/16,江苏奥力威传感高科股份有限公司,16,P9705
300508,维宏股份,4/19/16,上海维宏电子科技股份有限公司,16,P9705
300509,新美星,4/25/16,江苏新美星包装机械股份有限公司,16,P9705
300510,金冠股份,5/6/16,吉林省金冠电气股份有限公司,16,P9705
300511,雪榕生物,5/4/16,上海雪榕生物科技股份有限公司,16,P9705
300512,中亚股份,5/26/16,杭州中亚机械股份有限公司,16,P9705
300513,恒实科技,5/30/16,北京恒泰实达科技股份有限公司,16,P9705
300514,友讯达,4/26/17,深圳友讯达科技股份有限公司,16,P9705
300515,三德科技,6/8/16,湖南三德科技股份有限公司,16,P9705
300516,久之洋,6/2/16,湖北久之洋红外系统股份有限公司,16,P9705
300517,海波重科,7/19/16,海波重型工程科技股份有限公司,16,P9705
300518,新迅达,6/24/16,广西新迅达科技集团股份公司,16,P9705
300519,新光药业,6/24/16,浙江新光药业股份有限公司,16,P9705
300520,科大国创,7/8/16,科大国创软件股份有限公司,16,P9705
300521,爱司凯,7/5/16,爱司凯科技股份有限公司,16,P9705
300522,世名科技,7/5/16,苏州世名科技股份有限公司,16,P9705
300523,辰安科技,7/26/16,北京辰安科技股份有限公司,16,P9705
300525,博思软件,7/26/16,福建博思软件股份有限公司,16,P9705
300526,中潜退,8/2/16,中潜股份有限公司,16,P9705
300527,中船应急,8/5/16,中国船舶重工集团应急预警与救援装备股份有限公司,16,P9705
300528,幸福蓝海,8/8/16,幸福蓝海影视文化集团股份有限公司,16,P9705
300529,健帆生物,8/2/16,健帆生物科技集团股份有限公司,16,P9705
300530,领湃科技,8/9/16,湖南领湃科技集团股份有限公司,16,P9705
300531,优博讯,8/9/16,深圳市优博讯科技股份有限公司,16,P9705
300532,今天国际,8/18/16,深圳市今天国际物流技术股份有限公司,16,P9705
300533,冰川网络,8/18/16,深圳冰川网络股份有限公司,16,P9705
300534,陇神戎发,9/13/16,甘肃陇神戎发药业股份有限公司,16,P9705
300535,达威股份,8/12/16,四川达威科技股份有限公司,16,P9705
300536,*ST 农尚,9/20/16,武汉农尚环境股份有限公司,16,P9705
300537,广信材料,8/30/16,江苏广信感光新材料股份有限公司,16,P9705
300538,同益股份,8/26/16,深圳市同益实业股份有限公司,16,P9705
300539,横河精密,8/30/16,宁波横河精密工业股份有限公司,16,P9705
300540,蜀道装备,8/23/16,四川蜀道装备科技股份有限公司,16,P9705
300541,先进数通,9/13/16,北京先进数通信息技术股份公司,16,P9705
300542,新晨科技,9/20/16,新晨科技股份有限公司,16,P9705
300543,朗科智能,9/8/16,深圳市朗科智能电气股份有限公司,16,P9705
300545,联得装备,9/28/16,深圳市联得自动化装备股份有限公司,16,P9705
300546,雄帝科技,9/28/16,深圳市雄帝科技股份有限公司,16,P9705
300547,川环科技,9/30/16,四川川环科技股份有限公司,16,P9705
300548,博创科技,10/12/16,博创科技股份有限公司,16,P9705
300549,优德精密,9/30/16,优德精密工业(昆山)股份有限公司,16,P9705
300550,和仁科技,10/18/16,浙江和仁科技股份有限公司,16,P9705
300551,古鳌科技,10/18/16,上海古鳌电子科技股份有限公司,16,P9705
300552,万集科技,10/21/16,北京万集科技股份有限公司,16,P9705
300553,集智股份,10/21/16,杭州集智机电股份有限公司,16,P9705
300554,三超新材,4/21/17,南京三超新材料股份有限公司,16,P9705
300555,ST 路通,10/18/16,无锡路通视信网络股份有限公司,16,P9705
300556,丝路视觉,11/4/16,丝路视觉科技股份有限公司,16,P9705
300557,理工光科,11/1/16,武汉理工光科股份有限公司,16,P9705
300558,贝达药业,11/7/16,贝达药业股份有限公司,16,P9705
300559,佳发教育,11/1/16,成都佳发安泰教育科技股份有限公司,16,P9705
300560,中富通,11/1/16,中富通集团股份有限公司,16,P9705
300561,汇金科技,11/17/16,珠海汇金科技股份有限公司,16,P9705
300562,乐心医疗,11/16/16,广东乐心医疗电子股份有限公司,16,P9705
300563,神宇股份,11/14/16,神宇通信科技股份公司,16,P9705
300565,科信技术,11/22/16,深圳市科信通信技术股份有限公司,16,P9705
300566,激智科技,11/15/16,宁波激智科技股份有限公司,16,P9705
300567,精测电子,11/22/16,武汉精测电子集团股份有限公司,16,P9705
300568,星源材质,12/1/16,深圳市星源材质科技股份有限公司,16,P9705
300569,天能重工,11/25/16,青岛天能重工股份有限公司,16,P9705
300570,太辰光,12/6/16,深圳太辰光通信股份有限公司,16,P9705
300571,平治信息,12/13/16,杭州平治信息技术股份有限公司,16,P9705
300572,安车检测,12/6/16,深圳市安车检测股份有限公司,16,P9705
300573,兴齐眼药,12/8/16,沈阳兴齐眼药股份有限公司,16,P9705
300575,中旗股份,12/20/16,江苏中旗科技股份有限公司,16,P9705
300576,容大感光,12/20/16,深圳市容大感光科技股份有限公司,16,P9705
300577,开润股份,12/21/16,安徽开润股份有限公司,16,P9705
300578,会畅通讯,1/25/17,上海会畅通讯股份有限公司,16,P9705
300579,数字认证,12/23/16,北京数字认证股份有限公司,16,P9705
300580,贝斯特,1/11/17,无锡贝斯特精机股份有限公司,16,P9705
300581,晨曦航空,12/20/16,西安晨曦航空科技股份有限公司,16,P9705
300582,英飞特,12/28/16,英飞特电子(杭州)股份有限公司,16,P9705
300583,赛托生物,1/6/17,山东赛托生物科技股份有限公司,16,P9705
300584,海辰药业,1/12/17,南京海辰药业股份有限公司,16,P9705
300585,奥联电子,12/29/16,南京奥联汽车电子电器股份有限公司,16,P9705
300586,美联新材,1/4/17,广东美联新材料股份有限公司,16,P9705
300587,天铁股份,1/5/17,浙江天铁实业股份有限公司,16,P9705
300588,熙菱信息,1/5/17,新疆熙菱信息技术股份有限公司,16,P9705
300589,江龙船艇,1/13/17,江龙船艇科技股份有限公司,16,P9705
300590,移为通信,1/11/17,上海移为通信技术股份有限公司,16,P9705
300591,万里马,1/10/17,广东万里马实业股份有限公司,16,P9705
300592,华凯易佰,1/20/17,华凯易佰科技股份有限公司,16,P9705
300593,新雷能,1/13/17,北京新雷能科技股份有限公司,16,P9705
300595,欧普康视,1/17/17,欧普康视科技股份有限公司,16,P9705
300596,利安隆,1/19/17,天津利安隆新材料股份有限公司,16,P9705
300597,吉大通信,1/23/17,吉林吉大通信设计院股份有限公司,16,P9705
300598,诚迈科技,1/20/17,诚迈科技(南京)股份有限公司,16,P9705
300599,雄塑科技,1/23/17,广东雄塑科技集团股份有限公司,16,P9705
300600,国瑞科技,1/25/17,常熟市国瑞科技股份有限公司,16,P9705
300601,康泰生物,2/7/17,深圳康泰生物制品股份有限公司,16,P9705
300602,飞荣达,1/26/17,深圳市飞荣达科技股份有限公司,16,P9705
300603,立昂技术,1/26/17,立昂技术股份有限公司,16,P9705
300604,长川科技,4/17/17,杭州长川科技股份有限公司,16,P9705
300605,恒锋信息,2/8/17,恒锋信息科技股份有限公司,16,P9705
300606,金太阳,2/8/17,东莞金太阳研磨股份有限公司,16,P9705
300607,拓斯达,2/9/17,广东拓斯达科技股份有限公司,16,P9705
300608,思特奇,2/13/17,北京思特奇信息技术股份有限公司,16,P9705
300609,汇纳科技,2/15/17,汇纳科技股份有限公司,16,P9705
300610,晨化股份,2/13/17,扬州晨化新材料股份有限公司,16,P9705
300611,美力科技,2/20/17,浙江美力科技股份有限公司,16,P9705
300612,宣亚国际,2/15/17,宣亚国际营销科技(北京)股份有限公司,16,P9705
300613,富瀚微,2/20/17,上海富瀚微电子股份有限公司,16,P9705
300615,欣天科技,2/15/17,深圳市欣天科技股份有限公司,16,P9705
300616,尚品宅配,3/7/17,广州尚品宅配家居股份有限公司,16,P9705
300617,安靠智电,2/28/17,江苏安靠智电股份有限公司,16,P9705
300618,寒锐钴业,3/6/17,南京寒锐钴业股份有限公司,16,P9705
300619,金银河,3/1/17,佛山市金银河智能装备股份有限公司,16,P9705
300620,光库科技,3/10/17,珠海光库科技股份有限公司,16,P9705
300621,维业股份,3/16/17,维业建设集团股份有限公司,16,P9705
300622,博士眼镜,3/15/17,博士眼镜连锁股份有限公司,16,P9705
300623,捷捷微电,3/14/17,江苏捷捷微电子股份有限公司,16,P9705
300624,万兴科技,1/18/18,万兴科技集团股份有限公司,16,P9705
300625,三雄极光,3/17/17,广东三雄极光照明股份有限公司,16,P9705
300626,华瑞股份,3/20/17,华瑞电器股份有限公司,16,P9705
300627,华测导航,3/21/17,上海华测导航技术股份有限公司,16,P9705
300628,亿联网络,3/17/17,厦门亿联网络技术股份有限公司,16,P9705
300629,新劲刚,3/24/17,广东新劲刚科技股份有限公司,16,P9705
300630,普利制药,3/28/17,海南普利制药股份有限公司,16,P9705
300631,久吾高科,3/23/17,江苏久吾高科技股份有限公司,16,P9705
300632,光莆股份,4/6/17,厦门光莆电子股份有限公司,16,P9705
300633,开立医疗,4/6/17,深圳开立生物医疗科技股份有限公司,16,P9705
300634,彩讯股份,3/23/18,彩讯科技股份有限公司,16,P9705
300635,中达安,3/31/17,中达安股份有限公司,16,P9705
300636,同和药业,3/31/17,江西同和药业股份有限公司,16,P9705
300637,扬帆新材,4/12/17,浙江扬帆新材料股份有限公司,16,P9705
300638,广和通,4/13/17,深圳市广和通无线股份有限公司,16,P9705
300639,凯普生物,4/12/17,广东凯普生物科技股份有限公司,16,P9705
300640,德艺文创,4/17/17,德艺文化创意集团股份有限公司,16,P9705
300641,正丹股份,4/18/17,江苏正丹化学工业股份有限公司,16,P9705
300642,透景生命,4/21/17,上海透景生命科技股份有限公司,16,P9705
300643,万通智控,5/5/17,万通智控科技股份有限公司,16,P9705
300644,南京聚隆,2/6/18,南京聚隆科技股份有限公司,16,P9705
300645,正元智慧,4/21/17,正元智慧集团股份有限公司,16,P9705
300647,超频三,5/3/17,深圳市超频三科技股份有限公司,16,P9705
300648,星云股份,4/25/17,福建星云电子股份有限公司,16,P9705
300649,杭州园林,5/5/17,杭州园林设计院股份有限公司,16,P9705
300650,太龙股份,5/3/17,太龙电子股份有限公司,16,P9705
300651,金陵体育,5/9/17,江苏金陵体育器材股份有限公司,16,P9705
300652,雷迪克,5/16/17,杭州雷迪克节能科技股份有限公司,16,P9705
300653,正海生物,5/16/17,烟台正海生物科技股份有限公司,16,P9705
300654,世纪天鸿,9/26/17,世纪天鸿教育科技股份有限公司,16,P9705
300655,晶瑞电材,5/23/17,晶瑞电子材料股份有限公司,16,P9705
300656,民德电子,5/19/17,深圳市民德电子科技股份有限公司,16,P9705
300657,弘信电子,5/23/17,厦门弘信电子科技集团股份有限公司,16,P9705
300658,延江股份,6/2/17,厦门延江新材料股份有限公司,16,P9705
300659,中孚信息,5/26/17,中孚信息股份有限公司,16,P9705
300660,江苏雷利,6/2/17,江苏雷利电机股份有限公司,16,P9705
300661,圣邦股份,6/6/17,圣邦微电子(北京)股份有限公司,16,P9705
300662,科锐国际,6/8/17,北京科锐国际人力资源股份有限公司,16,P9705
300663,科蓝软件,6/8/17,北京科蓝软件系统股份有限公司,16,P9705
300664,鹏鹞环保,1/5/18,鹏鹞环保股份有限公司,16,P9705
300665,飞鹿股份,6/13/17,株洲飞鹿高新材料技术股份有限公司,16,P9705
300666,江丰电子,6/15/17,宁波江丰电子材料股份有限公司,16,P9705
300667,必创科技,6/19/17,北京必创科技股份有限公司,16,P9705
300668,杰恩设计,6/19/17,深圳市杰恩创意设计股份有限公司,16,P9705
300669,沪宁股份,6/29/17,杭州沪宁电梯部件股份有限公司,16,P9705
300670,大烨智能,7/3/17,江苏大烨智能电气股份有限公司,16,P9705
300671,富满微,7/5/17,富满微电子集团股份有限公司,16,P9705
300672,国科微,7/12/17,湖南国科微电子股份有限公司,16,P9705
300673,佩蒂股份,7/11/17,佩蒂动物营养科技股份有限公司,16,P9705
300674,宇信科技,11/7/18,北京宇信科技集团股份有限公司,16,P9705
300675,建科院,7/19/17,深圳市建筑科学研究院股份有限公司,16,P9705
300676,华大基因,7/14/17,深圳华大基因股份有限公司,16,P9705
300677,英科医疗,7/21/17,英科医疗科技股份有限公司,16,P9705
300678,中科信息,7/28/17,中科院成都信息技术股份有限公司,16,P9705
300679,电连技术,7/31/17,电连技术股份有限公司,16,P9705
300680,隆盛科技,7/25/17,无锡隆盛科技股份有限公司,16,P9705
300681,英搏尔,7/25/17,珠海英搏尔电气股份有限公司,16,P9705
300682,朗新集团,8/1/17,朗新科技集团股份有限公司,16,P9705
300683,海特生物,8/8/17,武汉海特生物制药股份有限公司,16,P9705
300684,中石科技,12/27/17,北京中石伟业科技股份有限公司,16,P9705
300685,艾德生物,8/2/17,厦门艾德生物医药科技股份有限公司,16,P9705
300686,智动力,8/4/17,深圳市智动力精密技术股份有限公司,16,P9705
300687,赛意信息,8/3/17,广州赛意信息科技股份有限公司,16,P9705
300688,创业黑马,8/10/17,创业黑马科技集团股份有限公司,16,P9705
300689,澄天伟业,8/9/17,深圳市澄天伟业科技股份有限公司,16,P9705
300690,双一科技,8/8/17,山东双一科技股份有限公司,16,P9705
300691,联合光电,8/11/17,中山联合光电科技股份有限公司,16,P9705
300692,中环环保,8/21/17,安徽中环环保科技股份有限公司,16,P9705
300693,盛弘股份,8/22/17,深圳市盛弘电气股份有限公司,16,P9705
300694,蠡湖股份,10/15/18,无锡蠡湖增压技术股份有限公司,16,P9705
300695,兆丰股份,9/8/17,浙江兆丰机电股份有限公司,16,P9705
300696,爱乐达,8/22/17,成都爱乐达航空制造股份有限公司,16,P9705
300697,电工合金,9/7/17,江阴电工合金股份有限公司,16,P9705
300698,万马科技,8/31/17,万马科技股份有限公司,16,P9705
300699,光威复材,9/1/17,威海光威复合材料股份有限公司,16,P9705
300700,岱勒新材,9/12/17,长沙岱勒新材料科技股份有限公司,16,P9705
300701,森霸传感,9/15/17,森霸传感科技股份有限公司,16,P9705
300702,天宇股份,9/19/17,浙江天宇药业股份有限公司,16,P9705
300703,创源股份,9/19/17,宁波创源文化发展股份有限公司,16,P9705
300705,九典制药,10/10/17,湖南九典制药股份有限公司,16,P9705
300706,阿石创,9/26/17,福建阿石创新材料股份有限公司,16,P9705
300707,威唐工业,10/10/17,无锡威唐工业技术股份有限公司,16,P9705
300708,聚灿光电,10/16/17,聚灿光电科技股份有限公司,16,P9705
300709,精研科技,10/19/17,江苏精研科技股份有限公司,16,P9705
300710,万隆光电,10/19/17,杭州万隆光电设备股份有限公司,16,P9705
300711,广哈通信,11/1/17,广州广哈通信股份有限公司,16,P9705
300712,永福股份,10/31/17,福建永福电力设计股份有限公司,16,P9705
300713,英可瑞,11/1/17,深圳市英可瑞科技股份有限公司,16,P9705
300715,凯伦股份,10/26/17,江苏凯伦建材股份有限公司,16,P9705
300716,泉为科技,11/9/17,广东泉为科技股份有限公司,16,P9705
300717,华信新材,11/6/17,江苏华信新材料股份有限公司,16,P9705
300718,长盛轴承,11/6/17,浙江长盛滑动轴承股份有限公司,16,P9705
300719,安达维尔,11/9/17,北京安达维尔科技股份有限公司,16,P9705
300720,海川智能,11/6/17,广东海川智能机器股份有限公司,16,P9705
300721,怡达股份,11/15/17,江苏怡达化学股份有限公司,16,P9705
300722,新余国科,11/10/17,江西新余国科科技股份有限公司,16,P9705
300723,一品红,11/16/17,一品红药业股份有限公司,16,P9705
300724,捷佳伟创,8/10/18,深圳市捷佳伟创新能源装备股份有限公司,16,P9705
300725,药石科技,11/10/17,南京药石科技股份有限公司,16,P9705
300726,宏达电子,11/21/17,株洲宏达电子股份有限公司,16,P9705
300727,润禾材料,11/27/17,宁波润禾高新材料科技股份有限公司,16,P9705
300729,乐歌股份,12/1/17,乐歌人体工学科技股份有限公司,16,P9705
300730,科创信息,12/5/17,湖南科创信息技术股份有限公司,16,P9705
300731,科创新源,12/8/17,深圳科创新源新材料股份有限公司,16,P9705
300732,设研院,12/12/17,河南省交通规划设计研究院股份有限公司,16,P9705
300733,西菱动力,1/16/18,成都西菱动力科技股份有限公司,16,P9705
300735,光弘科技,12/29/17,惠州光弘科技股份有限公司,16,P9705
300736,百邦科技,1/9/18,北京百华悦邦科技股份有限公司,16,P9705
300737,科顺股份,1/25/18,科顺防水科技股份有限公司,16,P9705
300738,奥飞数据,1/19/18,广东奥飞数据科技股份有限公司,16,P9705
300739,明阳电路,2/1/18,深圳明阳电路科技股份有限公司,16,P9705
300740,水羊股份,2/8/18,水羊集团股份有限公司,16,P9705
300741,华宝股份,3/1/18,华宝香精股份有限公司,16,P9705
300742,*ST 越博,5/8/18,南京越博动力系统股份有限公司,16,P9705
300743,天地数码,4/27/18,杭州天地数码科技股份有限公司,16,P9705
300745,欣锐科技,5/23/18,深圳欣锐科技股份有限公司,16,P9705
300746,汉嘉设计,5/25/18,汉嘉设计集团股份有限公司,16,P9705
300747,锐科激光,6/25/18,武汉锐科光纤激光技术股份有限公司,16,P9705
300748,金力永磁,9/21/18,江西金力永磁科技股份有限公司,16,P9705
300749,顶固集创,9/25/18,广东顶固集创家居股份有限公司,16,P9705
300750,宁德时代,6/11/18,宁德时代新能源科技股份有限公司,16,P9705
300751,迈为股份,11/9/18,苏州迈为科技股份有限公司,16,P9705
300752,隆利科技,11/30/18,深圳市隆利科技股份有限公司,16,P9705
300753,爱朋医疗,12/13/18,江苏爱朋医疗科技股份有限公司,16,P9705
300756,金马游乐,12/28/18,广东金马游乐股份有限公司,16,P9705
300760,迈瑞医疗,10/16/18,深圳迈瑞生物医疗电子股份有限公司,16,P9705
600025,华能水电,12/15/17,华能澜沧江水电股份有限公司,1,P9701
600901,江苏金租,3/1/18,江苏金融租赁股份有限公司,1,P9701
600903,贵州燃气,11/7/17,贵州燃气集团股份有限公司,1,P9701
600908,无锡银行,9/23/16,无锡农村商业银行股份有限公司,1,P9701
600909,华安证券,12/6/16,华安证券股份有限公司,1,P9701
600917,重庆燃气,9/30/14,重庆燃气集团股份有限公司,1,P9701
600919,江苏银行,8/2/16,江苏银行股份有限公司,1,P9701
600926,杭州银行,10/27/16,杭州银行股份有限公司,1,P9701
600929,雪天盐业,3/26/18,雪天盐业集团股份有限公司,1,P9701
600933,爱柯迪,11/17/17,爱柯迪股份有限公司,1,P9701
600936,广西广电,8/15/16,广西广播电视信息网络股份有限公司,1,P9701
600939,重庆建工,2/21/17,重庆建工集团股份有限公司,1,P9701
600958,东方证券,3/23/15,东方证券股份有限公司,1,P9701
600959,江苏有线,4/28/15,江苏省广电有线信息网络股份有限公司,1,P9701
600977,中国电影,8/9/16,中国电影股份有限公司,1,P9701
600996,贵广网络,12/26/16,贵州省广播电视信息网络股份有限公司,1,P9701
601015,陕西黑猫,11/5/14,陕西黑猫焦化股份有限公司,1,P9701
601016,节能风电,9/29/14,中节能风力发电股份有限公司,1,P9701
601019,山东出版,11/22/17,山东出版传媒股份有限公司,1,P9701
601020,华钰矿业,3/16/16,西藏华钰矿业股份有限公司,1,P9701
601021,春秋航空,1/21/15,春秋航空股份有限公司,1,P9701
601066,中信建投,6/20/18,中信建投证券股份有限公司,1,P9701
601068,中铝国际,8/31/18,中铝国际工程股份有限公司,1,P9701
601069,西部黄金,1/22/15,西部黄金股份有限公司,1,P9701
601086,国芳集团,9/29/17,甘肃国芳工贸(集团)股份有限公司,1,P9701
601108,财通证券,10/24/17,财通证券股份有限公司,1,P9701
601127,赛力斯,6/15/16,赛力斯集团股份有限公司,1,P9701
601128,常熟银行,9/30/16,江苏常熟农村商业银行股份有限公司,1,P9701
601138,工业富联,6/8/18,富士康工业互联网股份有限公司,1,P9701
601155,新城控股,12/4/15,新城控股集团股份有限公司,1,P9701
601162,天风证券,10/19/18,天风证券股份有限公司,1,P9701
601163,三角轮胎,9/9/16,三角轮胎股份有限公司,1,P9701
601198,东兴证券,2/26/15,东兴证券股份有限公司,1,P9701
601200,上海环境,3/31/17,上海环境集团股份有限公司,1,P9701
601211,国泰君安,6/26/15,国泰君安证券股份有限公司,1,P9701
601212,白银有色,2/15/17,白银有色集团股份有限公司,1,P9701
601225,陕西煤业,1/28/14,陕西煤业股份有限公司,1,P9701
601226,华电重工,12/11/14,华电重工股份有限公司,1,P9701
601228,广州港,3/29/17,广州港股份有限公司,1,P9701
601229,上海银行,11/16/16,上海银行股份有限公司,1,P9701
601319,中国人保,11/16/18,中国人民保险集团股份有限公司,1,P9701
601326,秦港股份,8/16/17,秦皇岛港股份有限公司,1,P9701
601330,绿色动力,6/11/18,绿色动力环保集团股份有限公司,1,P9701
601360,三六零,2/28/18,三六零安全科技股份有限公司,1,P9701
601366,利群股份,4/12/17,利群商业集团股份有限公司,1,P9701
601368,绿城水务,6/12/15,广西绿城水务股份有限公司,1,P9701
601375,中原证券,1/3/17,中原证券股份有限公司,1,P9701
601500,通用股份,9/19/16,江苏通用科技股份有限公司,1,P9701
601577,长沙银行,9/26/18,长沙银行股份有限公司,1,P9701
601579,会稽山,8/25/14,会稽山绍兴酒股份有限公司,1,P9701
601595,上海电影,8/17/16,上海电影股份有限公司,1,P9701
601606,长城军工,8/6/18,安徽长城军工股份有限公司,1,P9701
601611,中国核建,6/6/16,中国核工业建设股份有限公司,1,P9701
601619,嘉泽新能,7/20/17,宁夏嘉泽新能源股份有限公司,1,P9701
601689,拓普集团,3/19/15,宁波拓普集团股份有限公司,1,P9701
601811,新华文轩,8/8/16,新华文轩出版传媒股份有限公司,1,P9701
601828,美凯龙,1/17/18,红星美凯龙家居集团股份有限公司,1,P9701
601838,成都银行,1/31/18,成都银行股份有限公司,1,P9701
601858,中国科传,1/18/17,中国科技出版传媒股份有限公司,1,P9701
601869,长飞光纤,7/20/18,长飞光纤光缆股份有限公司,1,P9701
601878,浙商证券,6/26/17,浙商证券股份有限公司,1,P9701
601881,中国银河,1/23/17,中国银河证券股份有限公司,1,P9701
601882,海天精工,11/7/16,宁波海天精工股份有限公司,1,P9701
601900,南方传媒,2/15/16,南方出版传媒股份有限公司,1,P9701
601949,中国出版,8/21/17,中国出版传媒股份有限公司,1,P9701
601952,苏垦农发,5/15/17,江苏省农垦农业发展股份有限公司,1,P9701
601966,玲珑轮胎,7/6/16,山东玲珑轮胎股份有限公司,1,P9701
601968,宝钢包装,6/11/15,上海宝钢包装股份有限公司,1,P9701
601969,海南矿业,12/9/14,海南矿业股份有限公司,1,P9701
601985,中国核电,6/10/15,中国核能电力股份有限公司,1,P9701
601990,南京证券,6/13/18,南京证券股份有限公司,1,P9701
601997,贵阳银行,8/16/16,贵阳银行股份有限公司,1,P9701
603005,晶方科技,2/10/14,苏州晶方半导体科技股份有限公司,1,P9701
603006,联明股份,6/30/14,上海联明机械股份有限公司,1,P9701
603007,ST 花王,8/26/16,花王生态工程股份有限公司,1,P9701
603009,北特科技,7/18/14,上海北特科技股份有限公司,1,P9701
603010,万盛股份,10/10/14,浙江万盛股份有限公司,1,P9701
603011,合锻智能,11/7/14,合肥合锻智能制造股份有限公司,1,P9701
603012,创力集团,3/20/15,上海创力集团股份有限公司,1,P9701
603013,亚普股份,5/9/18,亚普汽车部件股份有限公司,1,P9701
603015,弘讯科技,3/3/15,宁波弘讯科技股份有限公司,1,P9701
603016,新宏泰,7/1/16,无锡新宏泰电器科技股份有限公司,1,P9701
603017,中衡设计,12/31/14,中衡设计集团股份有限公司,1,P9701
603018,华设集团,10/13/14,华设设计集团股份有限公司,1,P9701
603019,中科曙光,11/6/14,曙光信息产业股份有限公司,1,P9701
603020,爱普股份,3/25/15,爱普香料集团股份有限公司,1,P9701
603021,山东华鹏,4/23/15,山东华鹏玻璃股份有限公司,1,P9701
603022,新通联,5/18/15,上海新通联包装股份有限公司,1,P9701
603023,*ST 威帝,5/27/15,哈尔滨威帝电子股份有限公司,1,P9701
603025,大豪科技,4/22/15,北京大豪科技股份有限公司,1,P9701
603026,胜华新材,5/29/15,胜华新材料集团股份有限公司,1,P9701
603027,千禾味业,3/7/16,千禾味业食品股份有限公司,1,P9701
603028,赛福天,3/31/16,江苏赛福天集团股份有限公司,1,P9701
603029,天鹅股份,4/27/16,山东天鹅棉业机械股份有限公司,1,P9701
603030,ST 全筑,3/20/15,上海全筑控股集团股份有限公司,1,P9701
603031,安孚科技,8/22/16,安徽安孚电池科技股份有限公司,1,P9701
603032,德新科技,1/5/17,德力西新能源科技股份有限公司,1,P9701
603033,三维股份,12/7/16,三维控股集团股份有限公司,1,P9701
603035,常熟汽饰,1/5/17,江苏常熟汽饰集团股份有限公司,1,P9701
603036,如通股份,12/9/16,江苏如通石油机械股份有限公司,1,P9701
603037,凯众股份,1/20/17,上海凯众材料科技股份有限公司,1,P9701
603038,华立股份,1/16/17,东莞市华立实业股份有限公司,1,P9701
603039,泛微网络,1/13/17,泛微网络科技股份有限公司,1,P9701
603040,新坐标,2/9/17,杭州新坐标科技股份有限公司,1,P9701
603041,美思德,3/30/17,江苏美思德化学股份有限公司,1,P9701
603042,华脉科技,6/2/17,南京华脉科技股份有限公司,1,P9701
603043,广州酒家,6/27/17,广州酒家集团股份有限公司,1,P9701
603045,福达合金,5/17/18,福达合金材料股份有限公司,1,P9701
603050,科林电气,4/14/17,石家庄科林电气股份有限公司,1,P9701
603055,台华新材,9/21/17,浙江台华新材料股份有限公司,1,P9701
603056,德邦股份,1/16/18,德邦物流股份有限公司,1,P9701
603058,永吉股份,12/23/16,贵州永吉印务股份有限公司,1,P9701
603059,倍加洁,3/2/18,倍加洁集团股份有限公司,1,P9701
603060,国检集团,11/9/16,中国国检测试控股集团股份有限公司,1,P9701
603063,禾望电气,7/28/17,深圳市禾望电气股份有限公司,1,P9701
603066,音飞储存,6/11/15,南京音飞储存设备(集团)股份有限公司,1,P9701
603067,振华股份,9/13/16,湖北振华化学股份有限公司,1,P9701
603069,海汽集团,7/12/16,海南海汽运输集团股份有限公司,1,P9701
603076,乐惠国际,11/13/17,宁波乐惠国际工程装备股份有限公司,1,P9701
603078,江化微,4/10/17,江阴江化微电子材料股份有限公司,1,P9701
603079,圣达生物,8/23/17,浙江圣达生物药业股份有限公司,1,P9701
603080,新疆火炬,1/3/18,新疆火炬燃气股份有限公司,1,P9701
603081,大丰实业,4/20/17,浙江大丰实业股份有限公司,1,P9701
603083,剑桥科技,11/10/17,上海剑桥科技股份有限公司,1,P9701
603085,天成自控,6/30/15,浙江天成自控股份有限公司,1,P9701
603086,先达股份,5/11/17,山东先达农化股份有限公司,1,P9701
603088,宁波精达,11/11/14,宁波精达成形装备股份有限公司,1,P9701
603089,正裕工业,1/26/17,浙江正裕工业股份有限公司,1,P9701
603090,宏盛股份,8/31/16,无锡宏盛换热器制造股份有限公司,1,P9701
603096,新经典,4/25/17,新经典文化股份有限公司,1,P9701
603098,森特股份,12/16/16,森特士兴集团股份有限公司,1,P9701
603099,长白山,8/22/14,长白山旅游股份有限公司,1,P9701
603100,川仪股份,8/5/14,重庆川仪自动化股份有限公司,1,P9701
603101,汇嘉时代,5/6/16,新疆汇嘉时代百货股份有限公司,1,P9701
603103,横店影视,10/12/17,横店影视股份有限公司,1,P9701
603105,芯能科技,7/9/18,浙江芯能光伏科技股份有限公司,1,P9701
603106,恒银科技,9/20/17,恒银金融科技股份有限公司,1,P9701
603108,润达医疗,5/27/15,上海润达医疗科技股份有限公司,1,P9701
603110,东方材料,10/13/17,新东方新材料股份有限公司,1,P9701
603111,康尼机电,8/1/14,南京康尼机电股份有限公司,1,P9701
603113,金能科技,5/11/17,金能科技股份有限公司,1,P9701
603116,红蜻蜓,6/29/15,浙江红蜻蜓鞋业股份有限公司,1,P9701
603117,ST 万林,6/29/15,江苏万林现代物流股份有限公司,1,P9701
603118,共进股份,2/25/15,深圳市共进电子股份有限公司,1,P9701
603126,中材节能,7/31/14,中材节能股份有限公司,1,P9701
603127,昭衍新药,8/25/17,北京昭衍新药研究中心股份有限公司,1,P9701
603129,春风动力,8/18/17,浙江春风动力股份有限公司,1,P9701
603131,上海沪工,6/7/16,上海沪工焊接集团股份有限公司,1,P9701
603133,*ST 碳元,3/20/17,碳元科技股份有限公司,1,P9701
603136,天目湖,9/27/17,江苏天目湖旅游股份有限公司,1,P9701
603138,海量数据,3/6/17,北京海量数据技术股份有限公司,1,P9701
603139,康惠制药,4/21/17,陕西康惠制药股份有限公司,1,P9701
603156,养元饮品,2/12/18,河北养元智汇饮品股份有限公司,1,P9701
603157,退市拉夏,9/25/17,新疆拉夏贝尔服饰股份有限公司,1,P9701
603158,腾龙股份,3/20/15,常州腾龙汽车零部件股份有限公司,1,P9701
603159,上海亚虹,8/12/16,上海亚虹模具股份有限公司,1,P9701
603160,汇顶科技,10/17/16,深圳市汇顶科技股份有限公司,1,P9701
603161,科华控股,1/5/18,科华控股股份有限公司,1,P9701
603165,荣晟环保,1/17/17,浙江荣晟环保纸业股份有限公司,1,P9701
603166,福达股份,11/27/14,桂林福达股份有限公司,1,P9701
603168,莎普爱思,7/2/14,浙江莎普爱思药业股份有限公司,1,P9701
603169,兰石重装,10/9/14,兰州兰石重型装备股份有限公司,1,P9701
603177,德创环保,2/7/17,浙江德创环保科技股份有限公司,1,P9701
603178,圣龙股份,3/28/17,宁波圣龙汽车动力系统股份有限公司,1,P9701
603179,新泉股份,3/17/17,江苏新泉汽车饰件股份有限公司,1,P9701
603180,金牌厨柜,5/12/17,金牌厨柜家居科技股份有限公司,1,P9701
603181,皇马科技,8/24/17,浙江皇马科技股份有限公司,1,P9701
603183,建研院,9/5/17,苏州市建筑科学研究院集团股份有限公司,1,P9701
603185,弘元绿能,12/28/18,弘元绿色能源股份有限公司,1,P9701
603186,华正新材,1/3/17,浙江华正新材料股份有限公司,1,P9701
603187,海容冷链,11/29/18,青岛海容商用冷链股份有限公司,1,P9701
603188,亚邦股份,9/9/14,江苏亚邦染料股份有限公司,1,P9701
603189,网达软件,9/14/16,上海网达软件股份有限公司,1,P9701
603192,汇得科技,8/28/18,上海汇得科技股份有限公司,1,P9701
603196,日播时尚,5/31/17,日播时尚集团股份有限公司,1,P9701
603197,保隆科技,5/19/17,上海保隆汽车科技股份有限公司,1,P9701
603198,迎驾贡酒,5/28/15,安徽迎驾贡酒股份有限公司,1,P9701
603199,九华旅游,3/26/15,安徽九华山旅游发展股份有限公司,1,P9701
603200,上海洗霸,6/1/17,上海洗霸科技股份有限公司,1,P9701
603203,快克智能,11/8/16,快克智能装备股份有限公司,1,P9701
603208,江山欧派,2/10/17,江山欧派门业股份有限公司,1,P9701
603214,爱婴室,3/30/18,上海爱婴室商务服务股份有限公司,1,P9701
603218,日月股份,12/28/16,日月重工股份有限公司,1,P9701
603220,中贝通信,11/15/18,中贝通信集团股份有限公司,1,P9701
603222,济民医疗,2/17/15,济民健康管理股份有限公司,1,P9701
603223,恒通股份,6/30/15,恒通物流股份有限公司,1,P9701
603225,新凤鸣,4/18/17,新凤鸣集团股份有限公司,1,P9701
603226,菲林格尔,6/15/17,菲林格尔家居科技股份有限公司,1,P9701
603227,雪峰科技,5/15/15,新疆雪峰科技(集团)股份有限公司,1,P9701
603228,景旺电子,1/6/17,深圳市景旺电子股份有限公司,1,P9701
603229,奥翔药业,5/9/17,浙江奥翔药业股份有限公司,1,P9701
603232,格尔软件,4/21/17,格尔软件股份有限公司,1,P9701
603233,大参林,7/31/17,大参林医药集团股份有限公司,1,P9701
603238,诺邦股份,2/22/17,杭州诺邦无纺股份有限公司,1,P9701
603239,浙江仙通,12/30/16,浙江仙通橡塑股份有限公司,1,P9701
603258,电魂网络,10/26/16,杭州电魂网络科技股份有限公司,1,P9701
603259,药明康德,5/8/18,无锡药明康德新药开发股份有限公司,1,P9701
603260,合盛硅业,10/30/17,合盛硅业股份有限公司,1,P9701
603266,天龙股份,1/10/17,宁波天龙电子股份有限公司,1,P9701
603268,松发股份,3/19/15,广东松发陶瓷股份有限公司,1,P9701
603269,海鸥股份,5/17/17,江苏海鸥冷却塔股份有限公司,1,P9701
603277,银都股份,9/11/17,银都餐饮设备股份有限公司,1,P9701
603278,大业股份,11/13/17,山东大业股份有限公司,1,P9701
603283,赛腾股份,12/25/17,苏州赛腾精密电子股份有限公司,1,P9701
603286,日盈电子,6/27/17,江苏日盈电子股份有限公司,1,P9701
603288,海天味业,2/11/14,佛山市海天调味食品股份有限公司,1,P9701
603289,泰瑞机器,10/31/17,泰瑞机器股份有限公司,1,P9701
603297,永新光学,9/10/18,宁波永新光学股份有限公司,1,P9701
603298,杭叉集团,12/27/16,杭叉集团股份有限公司,1,P9701
603299,苏盐井神,12/31/15,江苏苏盐井神股份有限公司,1,P9701
603300,华铁应急,5/29/15,浙江华铁应急设备科技股份有限公司,1,P9701
603301,振德医疗,4/12/18,振德医疗用品股份有限公司,1,P9701
603303,得邦照明,3/30/17,横店集团得邦照明股份有限公司,1,P9701
603305,旭升集团,7/10/17,宁波旭升集团股份有限公司,1,P9701
603306,华懋科技,9/26/14,华懋(厦门)新材料科技股份有限公司,1,P9701
603308,应流股份,1/22/14,安徽应流机电股份有限公司,1,P9701
603309,维力医疗,3/2/15,广州维力医疗器械股份有限公司,1,P9701
603311,金海高科,5/18/15,浙江金海高科股份有限公司,1,P9701
603313,梦百合,10/13/16,梦百合家居科技股份有限公司,1,P9701
603315,福鞍股份,4/24/15,辽宁福鞍重工股份有限公司,1,P9701
603316,诚邦股份,6/19/17,诚邦生态环境股份有限公司,1,P9701
603318,水发燃气,4/24/15,水发派思燃气股份有限公司,1,P9701
603319,湘油泵,11/30/16,湖南机油泵股份有限公司,1,P9701
603320,迪贝电气,5/2/17,浙江迪贝电气股份有限公司,1,P9701
603321,梅轮电梯,9/15/17,浙江梅轮电梯股份有限公司,1,P9701
603322,超讯通信,7/28/16,超讯通信股份有限公司,1,P9701
603323,苏农银行,11/29/16,江苏苏州农村商业银行股份有限公司,1,P9701
603326,我乐家居,6/16/17,南京我乐家居股份有限公司,1,P9701
603328,依顿电子,7/1/14,广东依顿电子科技股份有限公司,1,P9701
603329,上海雅仕,12/29/17,上海雅仕投资发展股份有限公司,1,P9701
603330,天洋新材,2/13/17,天洋新材(上海)科技股份有限公司,1,P9701
603331,百达精工,7/5/17,浙江百达精工股份有限公司,1,P9701
603335,迪生力,6/20/17,广东迪生力汽配股份有限公司,1,P9701
603336,宏辉果蔬,11/24/16,宏辉果蔬股份有限公司,1,P9701
603337,杰克股份,1/19/17,杰克科技股份有限公司,1,P9701
603338,浙江鼎力,3/25/15,浙江鼎力机械股份有限公司,1,P9701
603339,四方科技,5/19/16,四方科技集团股份有限公司,1,P9701
603345,安井食品,2/22/17,安井食品集团股份有限公司,1,P9701
603348,文灿股份,4/26/18,文灿集团股份有限公司,1,P9701
603355,莱克电气,5/13/15,莱克电气股份有限公司,1,P9701
603356,华菱精工,1/24/18,宣城市华菱精工科技股份有限公司,1,P9701
603357,设计总院,8/1/17,安徽省交通规划设计研究总院股份有限公司,1,P9701
603358,华达科技,1/25/17,华达汽车科技股份有限公司,1,P9701
603359,东珠生态,9/1/17,东珠生态环保股份有限公司,1,P9701
603360,百傲化学,2/6/17,大连百傲化学股份有限公司,1,P9701
603363,*ST 傲农,9/26/17,福建傲农生物科技集团股份有限公司,1,P9701
603365,水星家纺,11/20/17,上海水星家用纺织品股份有限公司,1,P9701
603367,辰欣药业,9/29/17,辰欣药业股份有限公司,1,P9701
603368,柳药集团,12/4/14,广西柳药集团股份有限公司,1,P9701
603369,今世缘,7/3/14,江苏今世缘酒业股份有限公司,1,P9701
603377,ST 东时,2/5/16,东方时尚驾驶学校股份有限公司,1,P9701
603378,亚士创能,9/28/17,亚士创能科技(上海)股份有限公司,1,P9701
603380,易德龙,6/22/17,苏州易德龙科技股份有限公司,1,P9701
603383,顶点软件,5/22/17,福建顶点软件股份有限公司,1,P9701
603385,惠达卫浴,4/5/17,惠达卫浴股份有限公司,1,P9701
603386,骏亚科技,9/12/17,广东骏亚电子科技股份有限公司,1,P9701
603387,基蛋生物,7/17/17,基蛋生物科技股份有限公司,1,P9701
603388,ST 元成,3/24/17,元成环境股份有限公司,1,P9701
603389,亚振家居,12/15/16,亚振家居股份有限公司,1,P9701
603393,新天然气,9/12/16,新疆鑫泰天然气股份有限公司,1,P9701
603396,金辰股份,10/18/17,营口金辰机械股份有限公司,1,P9701
603398,沐邦高科,12/9/15,江西沐邦高科股份有限公司,1,P9701
603416,信捷电气,12/21/16,无锡信捷电气股份有限公司,1,P9701
603421,鼎信通讯,10/11/16,青岛鼎信通讯股份有限公司,1,P9701
603429,集友股份,1/24/17,安徽集友新材料股份有限公司,1,P9701
603444,吉比特,1/4/17,厦门吉比特网络技术股份有限公司,1,P9701
603456,九洲药业,10/10/14,浙江九洲药业股份有限公司,1,P9701
603458,勘设股份,8/9/17,贵州省交通规划勘察设计研究院股份有限公司,1,P9701
603466,风语筑,10/20/17,上海风语筑文化科技股份有限公司,1,P9701
603477,巨星农牧,12/18/17,乐山巨星农牧股份有限公司,1,P9701
603486,科沃斯,5/28/18,科沃斯机器人股份有限公司,1,P9701
603488,展鹏科技,5/16/17,展鹏科技股份有限公司,1,P9701
603496,恒为科技,6/7/17,恒为科技(上海)股份有限公司,1,P9701
603499,翔港科技,10/16/17,上海翔港包装科技股份有限公司,1,P9701
603500,祥和实业,9/4/17,浙江天台祥和实业股份有限公司,1,P9701
603501,韦尔股份,5/4/17,上海韦尔半导体股份有限公司,1,P9701
603505,金石资源,5/3/17,金石资源集团股份有限公司,1,P9701
603506,南都物业,2/1/18,南都物业服务集团股份有限公司,1,P9701
603507,振江股份,11/6/17,江苏振江新能源装备股份有限公司,1,P9701
603508,思维列控,12/24/15,河南思维自动化设备股份有限公司,1,P9701
603515,欧普照明,8/19/16,欧普照明股份有限公司,1,P9701
603516,淳中科技,2/2/18,北京淳中科技股份有限公司,1,P9701
603517,绝味食品,3/17/17,绝味食品股份有限公司,1,P9701
603518,锦泓集团,12/3/14,锦泓时装集团股份有限公司,1,P9701
603519,立霸股份,3/19/15,江苏立霸实业股份有限公司,1,P9701
603520,司太立,3/9/16,浙江司太立制药股份有限公司,1,P9701
603527,众源新材,9/7/17,安徽众源新材料股份有限公司,1,P9701
603528,多伦科技,5/3/16,多伦科技股份有限公司,1,P9701
603533,掌阅科技,9/21/17,掌阅科技股份有限公司,1,P9701
603535,嘉诚国际,8/8/17,广州市嘉诚国际物流股份有限公司,1,P9701
603536,惠发食品,6/13/17,山东惠发食品股份有限公司,1,P9701
603538,美诺华,4/7/17,宁波美诺华药业股份有限公司,1,P9701
603555,ST 贵人,1/24/14,贵人鸟股份有限公司,1,P9701
603556,海兴电力,11/10/16,杭州海兴电力科技股份有限公司,1,P9701
603557,ST 起步,8/18/17,起步股份有限公司,1,P9701
603558,健盛集团,1/27/15,浙江健盛集团股份有限公司,1,P9701
603559,*ST 通脉,12/2/16,中通国脉通信股份有限公司,1,P9701
603566,普莱柯,5/18/15,普莱柯生物工程股份有限公司,1,P9701
603567,珍宝岛,4/24/15,黑龙江珍宝岛药业股份有限公司,1,P9701
603568,伟明环保,5/28/15,浙江伟明环保股份有限公司,1,P9701
603569,长久物流,8/10/16,北京长久物流股份有限公司,1,P9701
603577,汇金通,12/22/16,青岛汇金通电力设备股份有限公司,1,P9701
603578,三星新材,3/6/17,浙江三星新材股份有限公司,1,P9701
603579,荣泰健康,1/11/17,上海荣泰健康科技股份有限公司,1,P9701
603580,艾艾精工,5/25/17,艾艾精密工业输送系统(上海)股份有限公司,1,P9701
603583,捷昌驱动,9/21/18,浙江捷昌线性驱动科技股份有限公司,1,P9701
603585,苏利股份,12/14/16,江苏苏利精细化工股份有限公司,1,P9701
603586,金麒麟,4/6/17,山东金麒麟股份有限公司,1,P9701
603587,地素时尚,6/22/18,地素时尚股份有限公司,1,P9701
603588,高能环境,12/29/14,北京高能时代环境技术股份有限公司,1,P9701
603589,口子窖,6/29/15,安徽口子酒业股份有限公司,1,P9701
603590,康辰药业,8/27/18,北京康辰药业股份有限公司,1,P9701
603595,东尼电子,7/12/17,浙江东尼电子股份有限公司,1,P9701
603596,伯特利,4/27/18,芜湖伯特利汽车安全系统股份有限公司,1,P9701
603598,引力传媒,5/27/15,引力传媒股份有限公司,1,P9701
603599,广信股份,5/13/15,安徽广信农化股份有限公司,1,P9701
603600,永艺股份,1/23/15,永艺家具股份有限公司,1,P9701
603601,再升科技,1/22/15,重庆再升科技股份有限公司,1,P9701
603602,纵横通信,8/10/17,杭州纵横通信股份有限公司,1,P9701
603603,退市博天,2/17/17,博天环境集团股份有限公司,1,P9701
603605,珀莱雅,11/15/17,珀莱雅化妆品股份有限公司,1,P9701
603606,东方电缆,10/15/14,宁波东方电缆股份有限公司,1,P9701
603607,京华激光,10/25/17,浙江京华激光科技股份有限公司,1,P9701
603608,*ST 天创,2/18/16,天创时尚股份有限公司,1,P9701
603609,禾丰股份,8/8/14,禾丰食品股份有限公司,1,P9701
603611,诺力股份,1/28/15,诺力智能装备股份有限公司,1,P9701
603612,索通发展,7/18/17,索通发展股份有限公司,1,P9701
603615,茶花股份,2/13/17,茶花现代家居用品股份有限公司,1,P9701
603616,韩建河山,6/11/15,北京韩建河山管业股份有限公司,1,P9701
603617,君禾股份,7/3/17,君禾泵业股份有限公司,1,P9701
603618,杭电股份,2/17/15,杭州电缆股份有限公司,1,P9701
603619,中曼石油,11/17/17,中曼石油天然气集团股份有限公司,1,P9701
603626,科森科技,2/9/17,昆山科森科技股份有限公司,1,P9701
603628,清源股份,1/12/17,清源科技股份有限公司,1,P9701
603629,利通电子,12/24/18,江苏利通电子股份有限公司,1,P9701
603630,拉芳家化,3/13/17,拉芳家化股份有限公司,1,P9701
603633,徕木股份,11/17/16,上海徕木电子股份有限公司,1,P9701
603636,南威软件,12/30/14,南威软件股份有限公司,1,P9701
603637,镇海股份,2/8/17,镇海石化工程股份有限公司,1,P9701
603638,艾迪精密,1/20/17,烟台艾迪精密机械股份有限公司,1,P9701
603639,海利尔,1/12/17,海利尔药业集团股份有限公司,1,P9701
603648,畅联股份,9/13/17,上海畅联国际物流股份有限公司,1,P9701
603650,彤程新材,6/27/18,彤程新材料集团股份有限公司,1,P9701
603655,朗博科技,12/29/17,常州朗博密封科技股份有限公司,1,P9701
603656,泰禾智能,3/21/17,合肥泰禾智能科技集团股份有限公司,1,P9701
603657,春光科技,7/30/18,金华春光橡塑科技股份有限公司,1,P9701
603658,安图生物,9/1/16,郑州安图生物工程股份有限公司,1,P9701
603659,璞泰来,11/3/17,上海璞泰来新能源科技股份有限公司,1,P9701
603660,苏州科达,12/1/16,苏州科达科技股份有限公司,1,P9701
603661,恒林股份,11/21/17,恒林家居股份有限公司,1,P9701
603663,三祥新材,8/1/16,三祥新材股份有限公司,1,P9701
603665,康隆达,3/13/17,浙江康隆达特种防护科技股份有限公司,1,P9701
603666,亿嘉和,6/12/18,亿嘉和科技股份有限公司,1,P9701
603667,五洲新春,10/25/16,浙江五洲新春集团股份有限公司,1,P9701
603668,天马科技,1/17/17,福建天马科技集团股份有限公司,1,P9701
603669,灵康药业,5/28/15,灵康药业集团股份有限公司,1,P9701
603676,卫信康,7/21/17,西藏卫信康医药股份有限公司,1,P9701
603677,奇精机械,2/6/17,奇精机械股份有限公司,1,P9701
603678,火炬电子,1/26/15,福建火炬电子科技股份有限公司,1,P9701
603679,华体科技,6/21/17,四川华体照明科技股份有限公司,1,P9701
603680,今创集团,2/27/18,今创集团股份有限公司,1,P9701
603683,晶华新材,10/20/17,上海晶华胶粘新材料股份有限公司,1,P9701
603685,晨丰科技,11/27/17,浙江晨丰科技股份有限公司,1,P9701
603686,福龙马,1/26/15,福龙马集团股份有限公司,1,P9701
603688,石英股份,10/31/14,江苏太平洋石英股份有限公司,1,P9701
603689,皖天然气,1/10/17,安徽省天然气开发股份有限公司,1,P9701
603690,至纯科技,1/13/17,上海至纯洁净系统科技股份有限公司,1,P9701
603693,江苏新能,7/3/18,江苏省新能源开发股份有限公司,1,P9701
603696,安记食品,12/9/15,安记食品股份有限公司,1,P9701
603698,航天工程,1/28/15,航天长征化学工程股份有限公司,1,P9701
603699,纽威股份,1/17/14,苏州纽威阀门股份有限公司,1,P9701
603701,德宏股份,4/12/16,浙江德宏汽车电子电器股份有限公司,1,P9701
603703,盛洋科技,4/23/15,浙江盛洋科技股份有限公司,1,P9701
603706,东方环宇,7/9/18,新疆东方环宇燃气股份有限公司,1,P9701
603707,健友股份,7/19/17,南京健友生化制药股份有限公司,1,P9701
603708,家家悦,12/13/16,家家悦集团股份有限公司,1,P9701
603709,中源家居,2/8/18,中源家居股份有限公司,1,P9701
603711,香飘飘,11/30/17,香飘飘食品股份有限公司,1,P9701
603712,七一二,2/26/18,天津七一二通信广播股份有限公司,1,P9701
603713,密尔克卫,7/13/18,密尔克卫智能供应链服务集团股份有限公司,1,P9701
603716,塞力医疗,10/31/16,塞力斯医疗科技集团股份有限公司,1,P9701
603717,天域生态,3/27/17,天域生态环境股份有限公司,1,P9701
603718,海利生物,5/15/15,上海海利生物技术股份有限公司,1,P9701
603721,中广天择,8/11/17,中广天择传媒股份有限公司,1,P9701
603722,阿科力,10/25/17,无锡阿科力科技股份有限公司,1,P9701
603725,天安新材,9/6/17,广东天安新材料股份有限公司,1,P9701
603726,朗迪集团,4/21/16,浙江朗迪集团股份有限公司,1,P9701
603727,博迈科,11/22/16,博迈科海洋工程股份有限公司,1,P9701
603728,鸣志电器,5/9/17,上海鸣志电器股份有限公司,1,P9701
603729,龙韵股份,3/24/15,上海龙韵文创科技集团股份有限公司,1,P9701
603730,岱美股份,7/28/17,上海岱美汽车内饰件股份有限公司,1,P9701
603733,仙鹤股份,4/20/18,仙鹤股份有限公司,1,P9701
603737,三棵树,6/3/16,三棵树涂料股份有限公司,1,P9701
603738,泰晶科技,9/28/16,泰晶科技股份有限公司,1,P9701
603757,大元泵业,7/11/17,浙江大元泵业股份有限公司,1,P9701
603758,秦安股份,5/17/17,重庆秦安机电股份有限公司,1,P9701
603767,中马传动,6/13/17,浙江中马传动股份有限公司,1,P9701
603768,常青股份,3/24/17,合肥常青机械股份有限公司,1,P9701
603773,沃格光电,4/17/18,江西沃格光电股份有限公司,1,P9701
603776,永安行,8/17/17,永安行科技股份有限公司,1,P9701
603777,来伊份,10/12/16,上海来伊份股份有限公司,1,P9701
603778,国晟科技,12/31/15,国晟世安科技股份有限公司,1,P9701
603779,威龙股份,5/16/16,威龙葡萄酒股份有限公司,1,P9701
603787,新日股份,4/27/17,江苏新日电动车股份有限公司,1,P9701
603788,宁波高发,1/20/15,宁波高发汽车控制系统股份有限公司,1,P9701
603789,星光农机,4/27/15,星光农机股份有限公司,1,P9701
603790,雅运股份,9/12/18,上海雅运纺织化工股份有限公司,1,P9701
603797,联泰环保,4/13/17,广东联泰环保股份有限公司,1,P9701
603798,康普顿,4/6/16,青岛康普顿科技股份有限公司,1,P9701
603799,华友钴业,1/29/15,浙江华友钴业股份有限公司,1,P9701
603800,道森股份,12/10/15,苏州道森钻采设备股份有限公司,1,P9701
603801,志邦家居,6/30/17,志邦家居股份有限公司,1,P9701
603803,瑞斯康达,4/20/17,瑞斯康达科技发展股份有限公司,1,P9701
603806,福斯特,9/5/14,杭州福斯特应用材料股份有限公司,1,P9701
603808,歌力思,4/22/15,深圳歌力思服饰股份有限公司,1,P9701
603809,豪能股份,11/28/17,成都豪能科技股份有限公司,1,P9701
603810,丰山集团,9/17/18,江苏丰山集团股份有限公司,1,P9701
603811,诚意药业,3/15/17,浙江诚意药业股份有限公司,1,P9701
603813,原尚股份,9/18/17,广东原尚物流股份有限公司,1,P9701
603816,顾家家居,10/14/16,顾家家居股份有限公司,1,P9701
603817,海峡环保,2/20/17,福建海峡环保集团股份有限公司,1,P9701
603818,曲美家居,4/22/15,曲美家居集团股份有限公司,1,P9701
603819,神力股份,11/25/16,常州神力电机股份有限公司,1,P9701
603822,嘉澳环保,4/28/16,浙江嘉澳环保科技股份有限公司,1,P9701
603823,百合花,12/20/16,百合花集团股份有限公司,1,P9701
603825,华扬联众,8/2/17,华扬联众数字技术股份有限公司,1,P9701
603826,坤彩科技,4/14/17,福建坤彩材料科技股份有限公司,1,P9701
603828,ST 柯利达,2/26/15,苏州柯利达装饰股份有限公司,1,P9701
603829,洛凯股份,10/17/17,江苏洛凯机电股份有限公司,1,P9701
603833,欧派家居,3/28/17,欧派家居集团股份有限公司,1,P9701
603838,四通股份,7/1/15,广东四通集团股份有限公司,1,P9701
603839,安正时尚,2/14/17,安正时尚集团股份有限公司,1,P9701
603843,正平股份,9/5/16,正平路桥建设股份有限公司,1,P9701
603848,好太太,12/1/17,广东好太太科技集团股份有限公司,1,P9701
603855,华荣股份,5/24/17,华荣科技股份有限公司,1,P9701
603856,东宏股份,11/6/17,山东东宏管业股份有限公司,1,P9701
603858,步长制药,11/18/16,山东步长制药股份有限公司,1,P9701
603859,能科科技,10/21/16,能科科技股份有限公司,1,P9701
603860,中公高科,8/2/17,中公高科养护科技股份有限公司,1,P9701
603861,白云电器,3/22/16,广州白云电器设备股份有限公司,1,P9701
603866,桃李面包,12/22/15,桃李面包股份有限公司,1,P9701
603868,飞科电器,4/18/16,上海飞科电器股份有限公司,1,P9701
603869,ST 智知,3/26/15,新智认知数字科技股份有限公司,1,P9701
603871,嘉友国际,2/6/18,嘉友国际物流股份有限公司,1,P9701
603876,鼎胜新材,4/18/18,江苏鼎胜新能源材料股份有限公司,1,P9701
603877,太平鸟,1/9/17,宁波太平鸟时尚服饰股份有限公司,1,P9701
603878,武进不锈,12/19/16,江苏武进不锈股份有限公司,1,P9701
603879,ST 永悦,6/14/17,永悦科技股份有限公司,1,P9701
603880,ST 南卫,8/7/17,江苏南方卫材医药股份有限公司,1,P9701
603881,数据港,2/8/17,上海数据港股份有限公司,1,P9701
603882,金域医学,9/8/17,广州金域医学检验集团股份有限公司,1,P9701
603883,老百姓,4/23/15,老百姓大药房连锁股份有限公司,1,P9701
603885,吉祥航空,5/27/15,上海吉祥航空股份有限公司,1,P9701
603886,元祖股份,12/28/16,上海元祖梦果子股份有限公司,1,P9701
603887,城地香江,10/10/16,上海城地香江数据科技股份有限公司,1,P9701
603888,新华网,10/28/16,新华网股份有限公司,1,P9701
603889,新澳股份,12/31/14,浙江新澳纺织股份有限公司,1,P9701
603890,春秋电子,12/12/17,苏州春秋电子科技股份有限公司,1,P9701
603895,天永智能,1/22/18,上海天永智能装备股份有限公司,1,P9701
603896,寿仙谷,5/10/17,浙江寿仙谷医药股份有限公司,1,P9701
603897,长城科技,4/10/18,浙江长城电工科技股份有限公司,1,P9701
603898,好莱客,2/17/15,广州好莱客创意家居股份有限公司,1,P9701
603899,晨光股份,1/27/15,上海晨光文具股份有限公司,1,P9701
603900,莱绅通灵,11/23/16,莱绅通灵珠宝股份有限公司,1,P9701
603901,永创智能,5/29/15,杭州永创智能设备股份有限公司,1,P9701
603903,中持股份,3/14/17,中持水务股份有限公司,1,P9701
603906,龙蟠科技,4/10/17,江苏龙蟠科技股份有限公司,1,P9701
603908,牧高笛,3/7/17,牧高笛户外用品股份有限公司,1,P9701
603909,建发合诚,6/28/16,建发合诚工程咨询股份有限公司,1,P9701
603912,佳力图,11/1/17,南京佳力图机房环境技术股份有限公司,1,P9701
603916,苏博特,11/10/17,江苏苏博特新材料股份有限公司,1,P9701
603917,合力科技,12/4/17,宁波合力科技股份有限公司,1,P9701
603918,金桥信息,5/28/15,上海金桥信息股份有限公司,1,P9701
603919,金徽酒,3/10/16,金徽酒股份有限公司,1,P9701
603920,世运电路,4/26/17,广东世运电路科技股份有限公司,1,P9701
603922,金鸿顺,10/23/17,苏州金鸿顺汽车部件股份有限公司,1,P9701
603926,铁流股份,5/10/17,铁流股份有限公司,1,P9701
603928,兴业股份,12/12/16,苏州兴业材料科技股份有限公司,1,P9701
603929,亚翔集成,12/30/16,亚翔系统集成科技(苏州)股份有限公司,1,P9701
603933,睿能科技,7/6/17,福建睿能科技股份有限公司,1,P9701
603936,博敏电子,12/9/15,博敏电子股份有限公司,1,P9701
603937,丽岛新材,11/2/17,江苏丽岛新材料股份有限公司,1,P9701
603938,三孚股份,6/28/17,唐山三孚硅业股份有限公司,1,P9701
603939,益丰药房,2/17/15,益丰大药房连锁股份有限公司,1,P9701
603955,大千生态,3/10/17,大千生态环境集团股份有限公司,1,P9701
603958,哈森股份,6/29/16,哈森商贸(中国)股份有限公司,1,P9701
603959,ST 百利,5/17/16,湖南百利工程科技股份有限公司,1,P9701
603960,克来机电,3/14/17,上海克来机电自动化工程股份有限公司,1,P9701
603963,*ST 大药,9/22/17,大理药业股份有限公司,1,P9701
603966,法兰泰克,1/25/17,法兰泰克重工股份有限公司,1,P9701
603968,醋化股份,5/18/15,南通醋酸化工股份有限公司,1,P9701
603969,银龙股份,2/27/15,天津银龙预应力材料股份有限公司,1,P9701
603970,中农立华,11/16/17,中农立华生物科技股份有限公司,1,P9701
603976,正川股份,8/22/17,重庆正川医药包装材料股份有限公司,1,P9701
603977,国泰集团,11/11/16,江西国泰集团股份有限公司,1,P9701
603978,深圳新星,8/7/17,深圳市新星轻合金材料股份有限公司,1,P9701
603979,金诚信,6/30/15,金诚信矿业管理股份有限公司,1,P9701
603980,吉华集团,6/15/17,浙江吉华集团股份有限公司,1,P9701
603985,恒润股份,5/5/17,江阴市恒润重工股份有限公司,1,P9701
603986,兆易创新,8/18/16,兆易创新科技集团股份有限公司,1,P9701
603987,康德莱,11/21/16,上海康德莱企业发展集团股份有限公司,1,P9701
603988,中电电机,11/4/14,中电电机股份有限公司,1,P9701
603989,艾华集团,5/15/15,湖南艾华集团股份有限公司,1,P9701
603990,麦迪科技,12/8/16,苏州麦迪斯顿医疗科技股份有限公司,1,P9701
603991,至正股份,3/8/17,深圳至正高分子材料股份有限公司,1,P9701
603996,退市中新,12/22/15,中新科技集团股份有限公司,1,P9701
603997,继峰股份,3/2/15,宁波继峰汽车零部件股份有限公司,1,P9701
603998,方盛制药,12/5/14,湖南方盛制药股份有限公司,1,P9701
603999,读者传媒,12/10/15,读者出版传媒股份有限公司,1,P9701